{"Fps":30.0,"Results":[{"FrameIndex":0,"Adult":{"isAdultContent":false,"isRacyContent":false,"isGoryContent":false,"adultScore":0.0019321171566843987,"racyScore":0.0027788011357188225,"goreScore":0.000738428148906678}},{"FrameIndex":30,"Adult":{"isAdultContent":false,"isRacyContent":false,"isGoryContent":false,"adultScore":0.001721211476251483,"racyScore":0.0024751529563218355,"goreScore":0.0011116984533146024}},{"FrameIndex":60,"Adult":{"isAdultContent":false,"isRacyContent":false,"isGoryContent":false,"adultScore":0.0022208341397345066,"racyScore":0.003073670668527484,"goreScore":0.001044814009219408}},{"FrameIndex":90,"Adult":{"isAdultContent":false,"isRacyContent":false,"isGoryContent":false,"adultScore":0.004601728171110153,"racyScore":0.005265132989734411,"goreScore":0.0014049489982426167}},{"FrameIndex":120,"Adult":{"isAdultContent":false,"isRacyContent":false,"isGoryContent":false,"adultScore":0.0048745316453278065,"racyScore":0.005789095535874367,"goreScore":0.0022302649449557066}},{"FrameIndex":150,"Adult":{"isAdultContent":false,"isRacyContent":false,"isGoryContent":false,"adultScore":0.003791211871430278,"racyScore":0.004818490240722895,"goreScore":0.0008324276423081756}},{"FrameIndex":180,"Adult":{"isAdultContent":false,"isRacyContent":false,"isGoryContent":false,"adultScore":0.006101198028773069,"racyScore":0.007831484079360962,"goreScore":0.0011944089783355594}},{"FrameIndex":210,"Adult":{"isAdultContent":false,"isRacyContent":false,"isGoryContent":false,"adultScore":0.004498180001974106,"racyScore":0.005810173228383064,"goreScore":0.0016219011740759015}},{"FrameIndex":240,"Adult":{"isAdultContent":false,"isRacyContent":false,"isGoryContent":false,"adultScore":0.0011813454329967499,"racyScore":0.0018703212263062596,"goreScore":0.0004853642312809825}},{"FrameIndex":270,"Adult":{"isAdultContent":false,"isRacyContent":false,"isGoryContent":false,"adultScore":0.0011000423692166805,"racyScore":0.0019141125958412886,"goreScore":0.0006190190906636417}},{"FrameIndex":300,"Adult":{"isAdultContent":false,"isRacyContent":false,"isGoryContent":false,"adultScore":0.00320167257450521,"racyScore":0.004907003603875637,"goreScore":0.0007953746826387942}},{"FrameIndex":330,"Adult":{"isAdultContent":false,"isRacyContent":false,"isGoryContent":false,"adultScore":0.011569925583899021,"racyScore":0.012777121737599373,"goreScore":0.00296097993850708}},{"FrameIndex":360,"Adult":{"isAdultContent":false,"isRacyContent":false,"isGoryContent":false,"adultScore":0.005143630784004927,"racyScore":0.006231706589460373,"goreScore":0.006043239030987024}},{"FrameIndex":390,"Adult":{"isAdultContent":false,"isRacyContent":false,"isGoryContent":false,"adultScore":0.003818516619503498,"racyScore":0.00512256845831871,"goreScore":0.0019422065233811736}},{"FrameIndex":420,"Adult":{"isAdultContent":false,"isRacyContent":false,"isGoryContent":false,"adultScore":0.0022504343651235104,"racyScore":0.0033003268763422966,"goreScore":0.0007974153850227594}},{"FrameIndex":450,"Adult":{"isAdultContent":false,"isRacyContent":false,"isGoryContent":false,"adultScore":0.0012914001708850265,"racyScore":0.0021523430477827787,"goreScore":0.0007424028008244932}},{"FrameIndex":480,"Adult":{"isAdultContent":false,"isRacyContent":false,"isGoryContent":false,"adultScore":0.002422054996713996,"racyScore":0.003541991114616394,"goreScore":0.02960011549293995}},{"FrameIndex":510,"Adult":{"isAdultContent":false,"isRacyContent":false,"isGoryContent":false,"adultScore":0.002524062292650342,"racyScore":0.00627696281298995,"goreScore":0.010999667458236217}},{"FrameIndex":540,"Adult":{"isAdultContent":false,"isRacyContent":false,"isGoryContent":false,"adultScore":0.011354676447808743,"racyScore":0.01430974155664444,"goreScore":0.013673032633960247}},{"FrameIndex":570,"Adult":{"isAdultContent":false,"isRacyContent":false,"isGoryContent":false,"adultScore":0.008076400496065617,"racyScore":0.010141748934984207,"goreScore":0.03581036627292633}},{"FrameIndex":600,"Adult":{"isAdultContent":false,"isRacyContent":false,"isGoryContent":false,"adultScore":0.005714260973036289,"racyScore":0.009724915027618408,"goreScore":0.23951703310012817}},{"FrameIndex":630,"Adult":{"isAdultContent":false,"isRacyContent":false,"isGoryContent":false,"adultScore":0.01412236224859953,"racyScore":0.015096931718289852,"goreScore":0.004732661880552769}},{"FrameIndex":660,"Adult":{"isAdultContent":false,"isRacyContent":false,"isGoryContent":false,"adultScore":0.007493708282709122,"racyScore":0.00856017880141735,"goreScore":0.002599406288936734}},{"FrameIndex":690,"Adult":{"isAdultContent":false,"isRacyContent":false,"isGoryContent":false,"adultScore":0.014498128555715084,"racyScore":0.01604273170232773,"goreScore":0.009518729522824287}},{"FrameIndex":720,"Adult":{"isAdultContent":false,"isRacyContent":false,"isGoryContent":false,"adultScore":0.013693494722247124,"racyScore":0.014917505905032158,"goreScore":0.0028990122955292463}},{"FrameIndex":750,"Adult":{"isAdultContent":false,"isRacyContent":false,"isGoryContent":false,"adultScore":0.0020541884005069733,"racyScore":0.005708727985620499,"goreScore":0.0009539553429931402}},{"FrameIndex":780,"Adult":{"isAdultContent":false,"isRacyContent":false,"isGoryContent":false,"adultScore":0.007901523262262344,"racyScore":0.010582559742033482,"goreScore":0.0015553614357486367}},{"FrameIndex":810,"Adult":{"isAdultContent":false,"isRacyContent":false,"isGoryContent":false,"adultScore":0.005713377147912979,"racyScore":0.017068147659301758,"goreScore":0.001072813756763935}},{"FrameIndex":840,"Adult":{"isAdultContent":false,"isRacyContent":false,"isGoryContent":false,"adultScore":0.486062228679657,"racyScore":0.578311026096344,"goreScore":0.014516389928758144}},{"FrameIndex":870,"Adult":{"isAdultContent":false,"isRacyContent":false,"isGoryContent":false,"adultScore":0.02388925850391388,"racyScore":0.031194932758808136,"goreScore":0.002845308044925332}},{"FrameIndex":900,"Adult":{"isAdultContent":false,"isRacyContent":false,"isGoryContent":false,"adultScore":0.009389141574501991,"racyScore":0.011648725718259811,"goreScore":0.0008543249568901956}},{"FrameIndex":930,"Adult":{"isAdultContent":false,"isRacyContent":false,"isGoryContent":false,"adultScore":0.025090085342526436,"racyScore":0.0311950221657753,"goreScore":0.005687545984983444}},{"FrameIndex":960,"Adult":{"isAdultContent":false,"isRacyContent":false,"isGoryContent":false,"adultScore":0.06247146055102348,"racyScore":0.06688366830348969,"goreScore":0.0016292065847665071}},{"FrameIndex":990,"Adult":{"isAdultContent":false,"isRacyContent":false,"isGoryContent":false,"adultScore":0.005090829450637102,"racyScore":0.017482981085777283,"goreScore":0.0009320911485701799}},{"FrameIndex":1020,"Adult":{"isAdultContent":false,"isRacyContent":false,"isGoryContent":false,"adultScore":0.0030399521347135305,"racyScore":0.006315502338111401,"goreScore":0.0010006993543356657}},{"FrameIndex":1050,"Adult":{"isAdultContent":false,"isRacyContent":false,"isGoryContent":false,"adultScore":0.0026086692232638597,"racyScore":0.00732495728880167,"goreScore":0.001208620029501617}},{"FrameIndex":1080,"Adult":{"isAdultContent":false,"isRacyContent":false,"isGoryContent":false,"adultScore":0.004945398773998022,"racyScore":0.006580001674592495,"goreScore":0.0008785260142758489}},{"FrameIndex":1110,"Adult":{"isAdultContent":false,"isRacyContent":false,"isGoryContent":false,"adultScore":0.005111372098326683,"racyScore":0.007074322551488876,"goreScore":0.0007879071636125445}},{"FrameIndex":1140,"Adult":{"isAdultContent":false,"isRacyContent":false,"isGoryContent":false,"adultScore":0.01131631713360548,"racyScore":0.01504902821034193,"goreScore":0.001919424976222217}},{"FrameIndex":1170,"Adult":{"isAdultContent":false,"isRacyContent":false,"isGoryContent":false,"adultScore":0.0031855988781899214,"racyScore":0.004894846118986607,"goreScore":0.0014180047437548637}},{"FrameIndex":1200,"Adult":{"isAdultContent":false,"isRacyContent":false,"isGoryContent":false,"adultScore":0.007207428105175495,"racyScore":0.010047836229205132,"goreScore":0.0027420148253440857}},{"FrameIndex":1230,"Adult":{"isAdultContent":false,"isRacyContent":false,"isGoryContent":false,"adultScore":0.02272438444197178,"racyScore":0.02574586123228073,"goreScore":0.0026073791086673737}},{"FrameIndex":1260,"Adult":{"isAdultContent":false,"isRacyContent":false,"isGoryContent":false,"adultScore":0.0038640000857412815,"racyScore":0.004846884869039059,"goreScore":0.0004377648583613336}},{"FrameIndex":1290,"Adult":{"isAdultContent":false,"isRacyContent":false,"isGoryContent":false,"adultScore":0.010072420351207256,"racyScore":0.011530235409736633,"goreScore":0.000787197204772383}},{"FrameIndex":1320,"Adult":{"isAdultContent":false,"isRacyContent":false,"isGoryContent":false,"adultScore":0.006109813693910837,"racyScore":0.008295689709484577,"goreScore":0.0017204192699864507}},{"FrameIndex":1350,"Adult":{"isAdultContent":false,"isRacyContent":false,"isGoryContent":false,"adultScore":0.011459803208708763,"racyScore":0.013238039799034595,"goreScore":0.0011631229426711798}},{"FrameIndex":1380,"Adult":{"isAdultContent":false,"isRacyContent":false,"isGoryContent":false,"adultScore":0.006949363276362419,"racyScore":0.008781960234045982,"goreScore":0.0014780062483623624}},{"FrameIndex":1410,"Adult":{"isAdultContent":false,"isRacyContent":false,"isGoryContent":false,"adultScore":0.012907526455819607,"racyScore":0.015693265944719315,"goreScore":0.0012178182369098067}},{"FrameIndex":1440,"Adult":{"isAdultContent":false,"isRacyContent":false,"isGoryContent":false,"adultScore":0.0026864076498895884,"racyScore":0.003997803665697575,"goreScore":0.0006058184080757201}},{"FrameIndex":1470,"Adult":{"isAdultContent":false,"isRacyContent":false,"isGoryContent":false,"adultScore":0.0022087995894253254,"racyScore":0.0034057297743856907,"goreScore":0.0006270757294259965}},{"FrameIndex":1500,"Adult":{"isAdultContent":false,"isRacyContent":false,"isGoryContent":false,"adultScore":0.005042742937803268,"racyScore":0.007841983810067177,"goreScore":0.0007692158105783165}},{"FrameIndex":1530,"Adult":{"isAdultContent":false,"isRacyContent":false,"isGoryContent":false,"adultScore":0.0008879076922312379,"racyScore":0.001788515131920576,"goreScore":0.0006108369561843574}},{"FrameIndex":1560,"Adult":{"isAdultContent":false,"isRacyContent":false,"isGoryContent":false,"adultScore":0.0016028067329898477,"racyScore":0.002637020777910948,"goreScore":0.0006155141163617373}},{"FrameIndex":1590,"Adult":{"isAdultContent":false,"isRacyContent":false,"isGoryContent":false,"adultScore":0.0013310529757291079,"racyScore":0.002345089102163911,"goreScore":0.00048312937724404037}},{"FrameIndex":1620,"Adult":{"isAdultContent":false,"isRacyContent":false,"isGoryContent":false,"adultScore":0.005052264779806137,"racyScore":0.008142322301864624,"goreScore":0.000928216555621475}},{"FrameIndex":1650,"Adult":{"isAdultContent":false,"isRacyContent":false,"isGoryContent":false,"adultScore":0.001673184335231781,"racyScore":0.006250105798244476,"goreScore":0.000757089292164892}},{"FrameIndex":1680,"Adult":{"isAdultContent":false,"isRacyContent":false,"isGoryContent":false,"adultScore":0.002713287016376853,"racyScore":0.01212977059185505,"goreScore":0.0016228962922468781}},{"FrameIndex":1710,"Adult":{"isAdultContent":false,"isRacyContent":false,"isGoryContent":false,"adultScore":0.006401709746569395,"racyScore":0.009365727193653584,"goreScore":0.0017955964431166649}},{"FrameIndex":1740,"Adult":{"isAdultContent":false,"isRacyContent":false,"isGoryContent":false,"adultScore":0.004384445957839489,"racyScore":0.005512464325875044,"goreScore":0.0012706302804872394}},{"FrameIndex":1770,"Adult":{"isAdultContent":false,"isRacyContent":false,"isGoryContent":false,"adultScore":0.0026079725939780474,"racyScore":0.004673198331147432,"goreScore":0.0008112274808809161}},{"FrameIndex":1800,"Adult":{"isAdultContent":false,"isRacyContent":false,"isGoryContent":false,"adultScore":0.00914436299353838,"racyScore":0.014353116974234581,"goreScore":0.0011615556431934237}},{"FrameIndex":1830,"Adult":{"isAdultContent":false,"isRacyContent":false,"isGoryContent":false,"adultScore":0.006311953067779541,"racyScore":0.008223292417824268,"goreScore":0.0013679127441719174}},{"FrameIndex":1860,"Adult":{"isAdultContent":false,"isRacyContent":false,"isGoryContent":false,"adultScore":0.006199245806783438,"racyScore":0.008222518488764763,"goreScore":0.0008738919859752059}},{"FrameIndex":1890,"Adult":{"isAdultContent":false,"isRacyContent":false,"isGoryContent":false,"adultScore":0.006867146119475365,"racyScore":0.010864604264497757,"goreScore":0.0012551075778901577}},{"FrameIndex":1920,"Adult":{"isAdultContent":false,"isRacyContent":false,"isGoryContent":false,"adultScore":0.013032096438109875,"racyScore":0.0191197469830513,"goreScore":0.0010841841576620936}},{"FrameIndex":1950,"Adult":{"isAdultContent":false,"isRacyContent":false,"isGoryContent":false,"adultScore":0.007340407930314541,"racyScore":0.01204853504896164,"goreScore":0.0010022746864706278}},{"FrameIndex":1980,"Adult":{"isAdultContent":false,"isRacyContent":false,"isGoryContent":false,"adultScore":0.005366485100239515,"racyScore":0.009117743000388145,"goreScore":0.0008884593844413757}},{"FrameIndex":2010,"Adult":{"isAdultContent":false,"isRacyContent":false,"isGoryContent":false,"adultScore":0.02353876829147339,"racyScore":0.029055967926979065,"goreScore":0.0033337597269564867}},{"FrameIndex":2040,"Adult":{"isAdultContent":false,"isRacyContent":false,"isGoryContent":false,"adultScore":0.004168251063674688,"racyScore":0.0056260693818330765,"goreScore":0.0011934235226362944}},{"FrameIndex":2070,"Adult":{"isAdultContent":false,"isRacyContent":false,"isGoryContent":false,"adultScore":0.0067258416675031185,"racyScore":0.14376592636108398,"goreScore":0.0012060811277478933}},{"FrameIndex":2100,"Adult":{"isAdultContent":false,"isRacyContent":false,"isGoryContent":false,"adultScore":0.007859104312956333,"racyScore":0.010643545538187027,"goreScore":0.0015439068665727973}},{"FrameIndex":2130,"Adult":{"isAdultContent":false,"isRacyContent":false,"isGoryContent":false,"adultScore":0.0014348053373396397,"racyScore":0.003481105901300907,"goreScore":0.001079824985936284}},{"FrameIndex":2160,"Adult":{"isAdultContent":false,"isRacyContent":false,"isGoryContent":false,"adultScore":0.006585755851119757,"racyScore":0.01231485977768898,"goreScore":0.0014308793470263481}},{"FrameIndex":2190,"Adult":{"isAdultContent":false,"isRacyContent":false,"isGoryContent":false,"adultScore":0.05677567422389984,"racyScore":0.07030641287565231,"goreScore":0.003410997334867716}},{"FrameIndex":2220,"Adult":{"isAdultContent":false,"isRacyContent":false,"isGoryContent":false,"adultScore":0.009421933442354202,"racyScore":0.010989337228238583,"goreScore":0.0015985460486263037}},{"FrameIndex":2250,"Adult":{"isAdultContent":false,"isRacyContent":false,"isGoryContent":false,"adultScore":0.015353706665337086,"racyScore":0.0209181010723114,"goreScore":0.004191957414150238}},{"FrameIndex":2280,"Adult":{"isAdultContent":false,"isRacyContent":false,"isGoryContent":false,"adultScore":0.004381913226097822,"racyScore":0.00812193937599659,"goreScore":0.0010467862011864781}},{"FrameIndex":2310,"Adult":{"isAdultContent":false,"isRacyContent":false,"isGoryContent":false,"adultScore":0.0058418819680809975,"racyScore":0.007413339801132679,"goreScore":0.0013180837268009782}},{"FrameIndex":2340,"Adult":{"isAdultContent":false,"isRacyContent":false,"isGoryContent":false,"adultScore":0.0029185498133301735,"racyScore":0.004248012322932482,"goreScore":0.0011309179244562984}},{"FrameIndex":2370,"Adult":{"isAdultContent":false,"isRacyContent":false,"isGoryContent":false,"adultScore":0.0016878297319635749,"racyScore":0.0024887097533792257,"goreScore":0.0015401698183268309}},{"FrameIndex":2400,"Adult":{"isAdultContent":false,"isRacyContent":false,"isGoryContent":false,"adultScore":0.002210328122600913,"racyScore":0.0031379524152725935,"goreScore":0.0045752814039587975}},{"FrameIndex":2430,"Adult":{"isAdultContent":false,"isRacyContent":false,"isGoryContent":false,"adultScore":0.002659275196492672,"racyScore":0.00376505171880126,"goreScore":0.0026366349775344133}},{"FrameIndex":2460,"Adult":{"isAdultContent":false,"isRacyContent":false,"isGoryContent":false,"adultScore":0.007336894050240517,"racyScore":0.009202544577419758,"goreScore":0.001822576392441988}},{"FrameIndex":2490,"Adult":{"isAdultContent":false,"isRacyContent":false,"isGoryContent":false,"adultScore":0.005759971681982279,"racyScore":0.007324660662561655,"goreScore":0.001925985561683774}},{"FrameIndex":2520,"Adult":{"isAdultContent":false,"isRacyContent":false,"isGoryContent":false,"adultScore":0.00785752385854721,"racyScore":0.00941441860049963,"goreScore":0.002196176443248987}},{"FrameIndex":2550,"Adult":{"isAdultContent":false,"isRacyContent":false,"isGoryContent":false,"adultScore":0.005253502167761326,"racyScore":0.007122707553207874,"goreScore":0.004997878335416317}},{"FrameIndex":2580,"Adult":{"isAdultContent":false,"isRacyContent":false,"isGoryContent":false,"adultScore":0.009638665243983269,"racyScore":0.01131817139685154,"goreScore":0.0033495414536446333}},{"FrameIndex":2610,"Adult":{"isAdultContent":false,"isRacyContent":false,"isGoryContent":false,"adultScore":0.008315252140164375,"racyScore":0.009231294505298138,"goreScore":0.0015690610744059086}},{"FrameIndex":2640,"Adult":{"isAdultContent":false,"isRacyContent":false,"isGoryContent":false,"adultScore":0.007918176241219044,"racyScore":0.015925031155347824,"goreScore":0.0014933458296582103}},{"FrameIndex":2670,"Adult":{"isAdultContent":false,"isRacyContent":false,"isGoryContent":false,"adultScore":0.015098007395863533,"racyScore":0.01587347500026226,"goreScore":0.0017365473322570324}},{"FrameIndex":2700,"Adult":{"isAdultContent":false,"isRacyContent":false,"isGoryContent":false,"adultScore":0.02667507529258728,"racyScore":0.029735669493675232,"goreScore":0.004164580255746841}},{"FrameIndex":2730,"Adult":{"isAdultContent":false,"isRacyContent":false,"isGoryContent":false,"adultScore":0.008237319067120552,"racyScore":0.010368173941969872,"goreScore":0.0008644664194434881}},{"FrameIndex":2760,"Adult":{"isAdultContent":false,"isRacyContent":false,"isGoryContent":false,"adultScore":0.006189398933202028,"racyScore":0.0072541916742920876,"goreScore":0.0011004923144355416}},{"FrameIndex":2790,"Adult":{"isAdultContent":false,"isRacyContent":false,"isGoryContent":false,"adultScore":0.013679086230695248,"racyScore":0.01591561920940876,"goreScore":0.0019308605697005987}},{"FrameIndex":2820,"Adult":{"isAdultContent":false,"isRacyContent":false,"isGoryContent":false,"adultScore":0.05173809453845024,"racyScore":0.06674224138259888,"goreScore":0.005208925809711218}},{"FrameIndex":2850,"Adult":{"isAdultContent":false,"isRacyContent":false,"isGoryContent":false,"adultScore":0.008021153509616852,"racyScore":0.011037916876375675,"goreScore":0.001201258273795247}},{"FrameIndex":2880,"Adult":{"isAdultContent":false,"isRacyContent":false,"isGoryContent":false,"adultScore":0.03253429755568504,"racyScore":0.0350976437330246,"goreScore":0.005827927961945534}},{"FrameIndex":2910,"Adult":{"isAdultContent":false,"isRacyContent":false,"isGoryContent":false,"adultScore":0.009103766642510891,"racyScore":0.023052267730236053,"goreScore":0.0022719327826052904}},{"FrameIndex":2940,"Adult":{"isAdultContent":false,"isRacyContent":false,"isGoryContent":false,"adultScore":0.012419531121850014,"racyScore":0.014201758429408073,"goreScore":0.0019537070766091347}},{"FrameIndex":2970,"Adult":{"isAdultContent":false,"isRacyContent":false,"isGoryContent":false,"adultScore":0.03263792023062706,"racyScore":0.035221610218286514,"goreScore":0.002657200675457716}},{"FrameIndex":3000,"Adult":{"isAdultContent":false,"isRacyContent":false,"isGoryContent":false,"adultScore":0.032090745866298676,"racyScore":0.034374408423900604,"goreScore":0.0033690647687762976}},{"FrameIndex":3030,"Adult":{"isAdultContent":false,"isRacyContent":false,"isGoryContent":false,"adultScore":0.0037727646995335817,"racyScore":0.0046585858799517155,"goreScore":0.0007206100854091346}},{"FrameIndex":3060,"Adult":{"isAdultContent":false,"isRacyContent":false,"isGoryContent":false,"adultScore":0.00267366087064147,"racyScore":0.0033669923432171345,"goreScore":0.0007281065918505192}},{"FrameIndex":3090,"Adult":{"isAdultContent":false,"isRacyContent":false,"isGoryContent":false,"adultScore":0.003663454670459032,"racyScore":0.004737826529890299,"goreScore":0.0005481656990014017}},{"FrameIndex":3120,"Adult":{"isAdultContent":false,"isRacyContent":false,"isGoryContent":false,"adultScore":0.022211767733097076,"racyScore":0.02576303854584694,"goreScore":0.0033791291061788797}},{"FrameIndex":3150,"Adult":{"isAdultContent":false,"isRacyContent":false,"isGoryContent":false,"adultScore":0.006280005443841219,"racyScore":0.007129795849323273,"goreScore":0.0008873799233697355}},{"FrameIndex":3180,"Adult":{"isAdultContent":false,"isRacyContent":false,"isGoryContent":false,"adultScore":0.004279761575162411,"racyScore":0.0052649774588644505,"goreScore":0.00044644862646237016}},{"FrameIndex":3210,"Adult":{"isAdultContent":false,"isRacyContent":false,"isGoryContent":false,"adultScore":0.007716957945376635,"racyScore":0.008651780895888805,"goreScore":0.0010965063702315092}},{"FrameIndex":3240,"Adult":{"isAdultContent":false,"isRacyContent":false,"isGoryContent":false,"adultScore":0.0042951637879014015,"racyScore":0.004936036188155413,"goreScore":0.0005024015554226935}},{"FrameIndex":3270,"Adult":{"isAdultContent":false,"isRacyContent":false,"isGoryContent":false,"adultScore":0.006711622234433889,"racyScore":0.00805708859115839,"goreScore":0.0022154152393341064}},{"FrameIndex":3300,"Adult":{"isAdultContent":false,"isRacyContent":false,"isGoryContent":false,"adultScore":0.0030824874993413687,"racyScore":0.003933994099497795,"goreScore":0.0008881903486326337}},{"FrameIndex":3330,"Adult":{"isAdultContent":false,"isRacyContent":false,"isGoryContent":false,"adultScore":0.004452869296073914,"racyScore":0.005357751157134771,"goreScore":0.000737690192181617}},{"FrameIndex":3360,"Adult":{"isAdultContent":false,"isRacyContent":false,"isGoryContent":false,"adultScore":0.13347674906253815,"racyScore":0.150538831949234,"goreScore":0.007288121618330479}},{"FrameIndex":3390,"Adult":{"isAdultContent":false,"isRacyContent":false,"isGoryContent":false,"adultScore":0.07858192920684814,"racyScore":0.09390105307102203,"goreScore":0.00498452503234148}},{"FrameIndex":3420,"Adult":{"isAdultContent":false,"isRacyContent":false,"isGoryContent":false,"adultScore":0.05752585083246231,"racyScore":0.06559089571237564,"goreScore":0.0033651492558419704}},{"FrameIndex":3450,"Adult":{"isAdultContent":false,"isRacyContent":false,"isGoryContent":false,"adultScore":0.0022072403226047754,"racyScore":0.0033780415542423725,"goreScore":0.00041384276119060814}},{"FrameIndex":3480,"Adult":{"isAdultContent":false,"isRacyContent":false,"isGoryContent":false,"adultScore":0.003132830373942852,"racyScore":0.0038170809857547283,"goreScore":0.0003971740370616317}},{"FrameIndex":3510,"Adult":{"isAdultContent":false,"isRacyContent":false,"isGoryContent":false,"adultScore":0.0022369190119206905,"racyScore":0.0029868236742913723,"goreScore":0.0002851932367775589}},{"FrameIndex":3540,"Adult":{"isAdultContent":false,"isRacyContent":false,"isGoryContent":false,"adultScore":0.00134160160087049,"racyScore":0.0024041752330958843,"goreScore":0.00042134744580835104}},{"FrameIndex":3570,"Adult":{"isAdultContent":false,"isRacyContent":false,"isGoryContent":false,"adultScore":0.003338651033118367,"racyScore":0.005346761085093021,"goreScore":0.001200096565298736}},{"FrameIndex":3600,"Adult":{"isAdultContent":false,"isRacyContent":false,"isGoryContent":false,"adultScore":0.003353779437020421,"racyScore":0.005687403958290815,"goreScore":0.0010056834435090423}},{"FrameIndex":3630,"Adult":{"isAdultContent":false,"isRacyContent":false,"isGoryContent":false,"adultScore":0.001388933276757598,"racyScore":0.0027737636119127274,"goreScore":0.0003726488503161818}},{"FrameIndex":3660,"Adult":{"isAdultContent":false,"isRacyContent":false,"isGoryContent":false,"adultScore":0.004868071060627699,"racyScore":0.006082128267735243,"goreScore":0.0005983745213598013}},{"FrameIndex":3690,"Adult":{"isAdultContent":false,"isRacyContent":false,"isGoryContent":false,"adultScore":0.004194589331746101,"racyScore":0.005655166693031788,"goreScore":0.0007325054029934108}},{"FrameIndex":3720,"Adult":{"isAdultContent":false,"isRacyContent":false,"isGoryContent":false,"adultScore":0.004032482858747244,"racyScore":0.005372134502977133,"goreScore":0.0006545078940689564}},{"FrameIndex":3750,"Adult":{"isAdultContent":false,"isRacyContent":false,"isGoryContent":false,"adultScore":0.7093578577041626,"racyScore":0.8297896385192871,"goreScore":0.004198301583528519}},{"FrameIndex":3780,"Adult":{"isAdultContent":false,"isRacyContent":false,"isGoryContent":false,"adultScore":0.6728265285491943,"racyScore":0.7847216725349426,"goreScore":0.004824767354875803}},{"FrameIndex":3810,"Adult":{"isAdultContent":false,"isRacyContent":false,"isGoryContent":false,"adultScore":0.0071143400855362415,"racyScore":0.012914462015032768,"goreScore":0.0014973653014749289}},{"FrameIndex":3840,"Adult":{"isAdultContent":false,"isRacyContent":false,"isGoryContent":false,"adultScore":0.015240785665810108,"racyScore":0.018892062827944756,"goreScore":0.002259165747091174}},{"FrameIndex":3870,"Adult":{"isAdultContent":false,"isRacyContent":false,"isGoryContent":false,"adultScore":0.005353905726224184,"racyScore":0.006580210290849209,"goreScore":0.0006555643049068749}},{"FrameIndex":3900,"Adult":{"isAdultContent":false,"isRacyContent":false,"isGoryContent":false,"adultScore":0.010091908276081085,"racyScore":0.011494766920804977,"goreScore":0.001378068933263421}},{"FrameIndex":3930,"Adult":{"isAdultContent":false,"isRacyContent":false,"isGoryContent":false,"adultScore":0.005216868128627539,"racyScore":0.006351925432682037,"goreScore":0.00043284695129841566}},{"FrameIndex":3960,"Adult":{"isAdultContent":false,"isRacyContent":false,"isGoryContent":false,"adultScore":0.004246461670845747,"racyScore":0.005112260114401579,"goreScore":0.00030872810748405755}},{"FrameIndex":3990,"Adult":{"isAdultContent":false,"isRacyContent":false,"isGoryContent":false,"adultScore":0.003725245827808976,"racyScore":0.004552599508315325,"goreScore":0.0002482043346390128}},{"FrameIndex":4020,"Adult":{"isAdultContent":false,"isRacyContent":false,"isGoryContent":false,"adultScore":0.064882293343544,"racyScore":0.07058748602867126,"goreScore":0.011622375808656216}},{"FrameIndex":4050,"Adult":{"isAdultContent":false,"isRacyContent":false,"isGoryContent":false,"adultScore":0.013348066247999668,"racyScore":0.014882856979966164,"goreScore":0.0017892637988552451}},{"FrameIndex":4080,"Adult":{"isAdultContent":false,"isRacyContent":false,"isGoryContent":false,"adultScore":0.005386885721236467,"racyScore":0.006664184387773275,"goreScore":0.0010901823407039046}},{"FrameIndex":4110,"Adult":{"isAdultContent":false,"isRacyContent":false,"isGoryContent":false,"adultScore":0.0037085916846990585,"racyScore":0.004183350596576929,"goreScore":0.0006680120131932199}},{"FrameIndex":4140,"Adult":{"isAdultContent":false,"isRacyContent":false,"isGoryContent":false,"adultScore":0.003902517259120941,"racyScore":0.005848449654877186,"goreScore":0.0007069982821121812}},{"FrameIndex":4170,"Adult":{"isAdultContent":false,"isRacyContent":false,"isGoryContent":false,"adultScore":0.006446096580475569,"racyScore":0.0073433066718280315,"goreScore":0.0018576293950900435}},{"FrameIndex":4200,"Adult":{"isAdultContent":false,"isRacyContent":false,"isGoryContent":false,"adultScore":0.007028814870864153,"racyScore":0.0084500377997756,"goreScore":0.0011855991324409842}},{"FrameIndex":4230,"Adult":{"isAdultContent":false,"isRacyContent":false,"isGoryContent":false,"adultScore":0.01040394976735115,"racyScore":0.011766576208174229,"goreScore":0.0017198921414092183}},{"FrameIndex":4260,"Adult":{"isAdultContent":false,"isRacyContent":false,"isGoryContent":false,"adultScore":0.016545040532946587,"racyScore":0.018233979120850563,"goreScore":0.001900550676509738}},{"FrameIndex":4290,"Adult":{"isAdultContent":false,"isRacyContent":false,"isGoryContent":false,"adultScore":0.02297157049179077,"racyScore":0.028534257784485817,"goreScore":0.06879276782274246}},{"FrameIndex":4320,"Adult":{"isAdultContent":false,"isRacyContent":false,"isGoryContent":false,"adultScore":0.022927576676011086,"racyScore":0.02769661694765091,"goreScore":0.015220469795167446}},{"FrameIndex":4350,"Adult":{"isAdultContent":false,"isRacyContent":false,"isGoryContent":false,"adultScore":0.018994921818375587,"racyScore":0.02248651348054409,"goreScore":0.0471961684525013}},{"FrameIndex":4380,"Adult":{"isAdultContent":false,"isRacyContent":false,"isGoryContent":false,"adultScore":0.007224468048661947,"racyScore":0.008842308074235916,"goreScore":0.017713338136672974}},{"FrameIndex":4410,"Adult":{"isAdultContent":false,"isRacyContent":false,"isGoryContent":false,"adultScore":0.006554227322340012,"racyScore":0.0079894894734025,"goreScore":0.008080017752945423}},{"FrameIndex":4440,"Adult":{"isAdultContent":false,"isRacyContent":false,"isGoryContent":false,"adultScore":0.0030183838680386543,"racyScore":0.004154386464506388,"goreScore":0.0015502822352573276}},{"FrameIndex":4470,"Adult":{"isAdultContent":false,"isRacyContent":false,"isGoryContent":false,"adultScore":0.008679404854774475,"racyScore":0.009935300797224045,"goreScore":0.0023695719428360462}},{"FrameIndex":4500,"Adult":{"isAdultContent":false,"isRacyContent":false,"isGoryContent":false,"adultScore":0.005727227311581373,"racyScore":0.006783910095691681,"goreScore":0.0008449642336927354}},{"FrameIndex":4530,"Adult":{"isAdultContent":false,"isRacyContent":false,"isGoryContent":false,"adultScore":0.004353331867605448,"racyScore":0.00528831547126174,"goreScore":0.0010633610654622316}},{"FrameIndex":4560,"Adult":{"isAdultContent":false,"isRacyContent":false,"isGoryContent":false,"adultScore":0.003633564803749323,"racyScore":0.004791763611137867,"goreScore":0.0020229120273143053}},{"FrameIndex":4590,"Adult":{"isAdultContent":false,"isRacyContent":false,"isGoryContent":false,"adultScore":0.005492507014423609,"racyScore":0.006867766845971346,"goreScore":0.0015462194569408894}},{"FrameIndex":4620,"Adult":{"isAdultContent":false,"isRacyContent":false,"isGoryContent":false,"adultScore":0.010279735550284386,"racyScore":0.012163486331701279,"goreScore":0.0025687662418931723}},{"FrameIndex":4650,"Adult":{"isAdultContent":false,"isRacyContent":false,"isGoryContent":false,"adultScore":0.0020726474467664957,"racyScore":0.0035887453705072403,"goreScore":0.0025977776385843754}},{"FrameIndex":4680,"Adult":{"isAdultContent":false,"isRacyContent":false,"isGoryContent":false,"adultScore":0.03517836704850197,"racyScore":0.05886290222406387,"goreScore":0.011804861016571522}},{"FrameIndex":4710,"Adult":{"isAdultContent":false,"isRacyContent":false,"isGoryContent":false,"adultScore":0.0013461384223774076,"racyScore":0.002019941108301282,"goreScore":0.0007787018548697233}},{"FrameIndex":4740,"Adult":{"isAdultContent":false,"isRacyContent":false,"isGoryContent":false,"adultScore":0.0030543548054993153,"racyScore":0.004658220335841179,"goreScore":0.0015039811842143536}},{"FrameIndex":4770,"Adult":{"isAdultContent":false,"isRacyContent":false,"isGoryContent":false,"adultScore":0.005382142029702663,"racyScore":0.006585537455976009,"goreScore":0.00103557959664613}},{"FrameIndex":4800,"Adult":{"isAdultContent":false,"isRacyContent":false,"isGoryContent":false,"adultScore":0.009401759132742882,"racyScore":0.011444000527262688,"goreScore":0.14027707278728485}},{"FrameIndex":4830,"Adult":{"isAdultContent":false,"isRacyContent":false,"isGoryContent":false,"adultScore":0.00877465307712555,"racyScore":0.010395815595984459,"goreScore":0.029271328821778297}},{"FrameIndex":4860,"Adult":{"isAdultContent":false,"isRacyContent":false,"isGoryContent":false,"adultScore":0.02549166791141033,"racyScore":0.028959110379219055,"goreScore":0.04140432924032211}},{"FrameIndex":4890,"Adult":{"isAdultContent":false,"isRacyContent":false,"isGoryContent":false,"adultScore":0.015984483063220978,"racyScore":0.021950198337435722,"goreScore":0.009459899738430977}},{"FrameIndex":4920,"Adult":{"isAdultContent":false,"isRacyContent":false,"isGoryContent":false,"adultScore":0.015221650712192059,"racyScore":0.016897624358534813,"goreScore":0.02960607409477234}},{"FrameIndex":4950,"Adult":{"isAdultContent":false,"isRacyContent":false,"isGoryContent":false,"adultScore":0.03587811812758446,"racyScore":0.039245788007974625,"goreScore":0.013127974234521389}},{"FrameIndex":4980,"Adult":{"isAdultContent":false,"isRacyContent":false,"isGoryContent":false,"adultScore":0.010518200695514679,"racyScore":0.01163599081337452,"goreScore":0.008226264268159866}},{"FrameIndex":5010,"Adult":{"isAdultContent":false,"isRacyContent":false,"isGoryContent":false,"adultScore":0.009833293966948986,"racyScore":0.01084981206804514,"goreScore":0.004206251818686724}},{"FrameIndex":5040,"Adult":{"isAdultContent":false,"isRacyContent":false,"isGoryContent":false,"adultScore":0.01707037352025509,"racyScore":0.019406262785196304,"goreScore":0.0047299666330218315}},{"FrameIndex":5070,"Adult":{"isAdultContent":false,"isRacyContent":false,"isGoryContent":false,"adultScore":0.01278732344508171,"racyScore":0.016396809369325638,"goreScore":0.36156702041625977}},{"FrameIndex":5100,"Adult":{"isAdultContent":false,"isRacyContent":false,"isGoryContent":false,"adultScore":0.0017403244273737073,"racyScore":0.002591414377093315,"goreScore":0.000776217901147902}},{"FrameIndex":5130,"Adult":{"isAdultContent":false,"isRacyContent":false,"isGoryContent":false,"adultScore":0.002085606101900339,"racyScore":0.003165869042277336,"goreScore":0.0007589820888824761}},{"FrameIndex":5160,"Adult":{"isAdultContent":false,"isRacyContent":false,"isGoryContent":false,"adultScore":0.0034901690669357777,"racyScore":0.004607066512107849,"goreScore":0.0008544597658328712}},{"FrameIndex":5190,"Adult":{"isAdultContent":false,"isRacyContent":false,"isGoryContent":false,"adultScore":0.003262891201302409,"racyScore":0.004428250715136528,"goreScore":0.0011456463253125548}},{"FrameIndex":5220,"Adult":{"isAdultContent":false,"isRacyContent":false,"isGoryContent":false,"adultScore":0.048437755554914474,"racyScore":0.0595635287463665,"goreScore":0.005800733808428049}},{"FrameIndex":5250,"Adult":{"isAdultContent":false,"isRacyContent":false,"isGoryContent":false,"adultScore":0.034657418727874756,"racyScore":0.05794237554073334,"goreScore":0.011923757381737232}},{"FrameIndex":5280,"Adult":{"isAdultContent":false,"isRacyContent":false,"isGoryContent":false,"adultScore":0.034657418727874756,"racyScore":0.05794237554073334,"goreScore":0.011923757381737232}},{"FrameIndex":5310,"Adult":{"isAdultContent":false,"isRacyContent":false,"isGoryContent":false,"adultScore":0.08429373055696487,"racyScore":0.10641086101531982,"goreScore":0.011258011683821678}},{"FrameIndex":5340,"Adult":{"isAdultContent":false,"isRacyContent":false,"isGoryContent":false,"adultScore":0.035562291741371155,"racyScore":0.049156226217746735,"goreScore":0.002917853184044361}},{"FrameIndex":5370,"Adult":{"isAdultContent":false,"isRacyContent":false,"isGoryContent":false,"adultScore":0.02221769094467163,"racyScore":0.0282231904566288,"goreScore":0.0018498459830880165}},{"FrameIndex":5400,"Adult":{"isAdultContent":false,"isRacyContent":false,"isGoryContent":false,"adultScore":0.20058318972587585,"racyScore":0.22029557824134827,"goreScore":0.0027311481535434723}},{"FrameIndex":5430,"Adult":{"isAdultContent":false,"isRacyContent":false,"isGoryContent":false,"adultScore":0.030261101201176643,"racyScore":0.03451751172542572,"goreScore":0.0013888265239074826}},{"FrameIndex":5460,"Adult":{"isAdultContent":false,"isRacyContent":false,"isGoryContent":false,"adultScore":0.002947793807834387,"racyScore":0.004114539362490177,"goreScore":0.0005380840739235282}},{"FrameIndex":5490,"Adult":{"isAdultContent":false,"isRacyContent":false,"isGoryContent":false,"adultScore":0.004309300798922777,"racyScore":0.005523070693016052,"goreScore":0.0004899443010799587}},{"FrameIndex":5520,"Adult":{"isAdultContent":false,"isRacyContent":false,"isGoryContent":false,"adultScore":0.006685818545520306,"racyScore":0.00786577444523573,"goreScore":0.0008336699684150517}},{"FrameIndex":5550,"Adult":{"isAdultContent":false,"isRacyContent":false,"isGoryContent":false,"adultScore":0.004093945026397705,"racyScore":0.004743615165352821,"goreScore":0.0017171410145238042}},{"FrameIndex":5580,"Adult":{"isAdultContent":false,"isRacyContent":false,"isGoryContent":false,"adultScore":0.004061040468513966,"racyScore":0.005767579190433025,"goreScore":0.0010042490903288126}},{"FrameIndex":5610,"Adult":{"isAdultContent":false,"isRacyContent":false,"isGoryContent":false,"adultScore":0.002588734496384859,"racyScore":0.0038405037485063076,"goreScore":0.0006405813037417829}},{"FrameIndex":5640,"Adult":{"isAdultContent":false,"isRacyContent":false,"isGoryContent":false,"adultScore":0.008551057428121567,"racyScore":0.011578604578971863,"goreScore":0.0015632495051249862}},{"FrameIndex":5670,"Adult":{"isAdultContent":false,"isRacyContent":false,"isGoryContent":false,"adultScore":0.03610804304480553,"racyScore":0.04238610342144966,"goreScore":0.0008216883288696408}},{"FrameIndex":5700,"Adult":{"isAdultContent":false,"isRacyContent":false,"isGoryContent":false,"adultScore":0.007341455668210983,"racyScore":0.00915204081684351,"goreScore":0.0012393953511491418}},{"FrameIndex":5730,"Adult":{"isAdultContent":false,"isRacyContent":false,"isGoryContent":false,"adultScore":0.020074667409062386,"racyScore":0.022135350853204727,"goreScore":0.0018604161450639367}},{"FrameIndex":5760,"Adult":{"isAdultContent":false,"isRacyContent":false,"isGoryContent":false,"adultScore":0.008364737965166569,"racyScore":0.00941647868603468,"goreScore":0.049087148159742355}},{"FrameIndex":5790,"Adult":{"isAdultContent":false,"isRacyContent":false,"isGoryContent":false,"adultScore":0.003607013262808323,"racyScore":0.007035262882709503,"goreScore":0.0026111656334251165}},{"FrameIndex":5820,"Adult":{"isAdultContent":false,"isRacyContent":false,"isGoryContent":false,"adultScore":0.01725565828382969,"racyScore":0.020347842946648598,"goreScore":0.001008233753964305}},{"FrameIndex":5850,"Adult":{"isAdultContent":false,"isRacyContent":false,"isGoryContent":false,"adultScore":0.04275532439351082,"racyScore":0.0477924719452858,"goreScore":0.02372618019580841}},{"FrameIndex":5880,"Adult":{"isAdultContent":false,"isRacyContent":false,"isGoryContent":false,"adultScore":0.07375752925872803,"racyScore":0.09960079193115234,"goreScore":0.005054609850049019}},{"FrameIndex":5910,"Adult":{"isAdultContent":false,"isRacyContent":false,"isGoryContent":false,"adultScore":0.012928414158523083,"racyScore":0.0171948354691267,"goreScore":0.0012172985589131713}},{"FrameIndex":5940,"Adult":{"isAdultContent":false,"isRacyContent":false,"isGoryContent":false,"adultScore":0.0016871197149157524,"racyScore":0.002799931913614273,"goreScore":0.0004869485564995557}},{"FrameIndex":5970,"Adult":{"isAdultContent":false,"isRacyContent":false,"isGoryContent":false,"adultScore":0.003957467619329691,"racyScore":0.006808680482208729,"goreScore":0.0006721226964145899}},{"FrameIndex":6000,"Adult":{"isAdultContent":false,"isRacyContent":false,"isGoryContent":false,"adultScore":0.00515313446521759,"racyScore":0.008480370044708252,"goreScore":0.0008094661752693355}},{"FrameIndex":6030,"Adult":{"isAdultContent":false,"isRacyContent":false,"isGoryContent":false,"adultScore":0.005992809310555458,"racyScore":0.011778786778450012,"goreScore":0.0007505198009312153}},{"FrameIndex":6060,"Adult":{"isAdultContent":false,"isRacyContent":false,"isGoryContent":false,"adultScore":0.03271843492984772,"racyScore":0.03496955335140228,"goreScore":0.003594641573727131}},{"FrameIndex":6090,"Adult":{"isAdultContent":false,"isRacyContent":false,"isGoryContent":false,"adultScore":0.02094145119190216,"racyScore":0.02287161350250244,"goreScore":0.001847884152084589}},{"FrameIndex":6120,"Adult":{"isAdultContent":false,"isRacyContent":false,"isGoryContent":false,"adultScore":0.038222260773181915,"racyScore":0.04225636273622513,"goreScore":0.005131375975906849}},{"FrameIndex":6150,"Adult":{"isAdultContent":false,"isRacyContent":false,"isGoryContent":false,"adultScore":0.020339485257864,"racyScore":0.035471707582473755,"goreScore":0.002544206101447344}},{"FrameIndex":6180,"Adult":{"isAdultContent":false,"isRacyContent":false,"isGoryContent":false,"adultScore":0.008852865546941757,"racyScore":0.009913724847137928,"goreScore":0.003267598105594516}},{"FrameIndex":6210,"Adult":{"isAdultContent":false,"isRacyContent":false,"isGoryContent":false,"adultScore":0.02675689198076725,"racyScore":0.029418379068374634,"goreScore":0.0025564709212630987}},{"FrameIndex":6240,"Adult":{"isAdultContent":false,"isRacyContent":false,"isGoryContent":false,"adultScore":0.006918915081769228,"racyScore":0.011516708880662918,"goreScore":0.0016852084081619978}},{"FrameIndex":6270,"Adult":{"isAdultContent":false,"isRacyContent":false,"isGoryContent":false,"adultScore":0.0030813757330179214,"racyScore":0.0056506069377064705,"goreScore":0.000783029361627996}},{"FrameIndex":6300,"Adult":{"isAdultContent":false,"isRacyContent":false,"isGoryContent":false,"adultScore":0.009158859960734844,"racyScore":0.012378944084048271,"goreScore":0.001204454805701971}},{"FrameIndex":6330,"Adult":{"isAdultContent":false,"isRacyContent":false,"isGoryContent":false,"adultScore":0.012998118996620178,"racyScore":0.014759650453925133,"goreScore":0.002019737847149372}},{"FrameIndex":6360,"Adult":{"isAdultContent":false,"isRacyContent":false,"isGoryContent":false,"adultScore":0.014219533652067184,"racyScore":0.015634803101420403,"goreScore":0.0023406515829265118}},{"FrameIndex":6390,"Adult":{"isAdultContent":false,"isRacyContent":false,"isGoryContent":false,"adultScore":0.004116995260119438,"racyScore":0.005335445050150156,"goreScore":0.0016696800012141466}},{"FrameIndex":6420,"Adult":{"isAdultContent":false,"isRacyContent":false,"isGoryContent":false,"adultScore":0.003781410865485668,"racyScore":0.0051498208194971085,"goreScore":0.001621524104848504}},{"FrameIndex":6450,"Adult":{"isAdultContent":false,"isRacyContent":false,"isGoryContent":false,"adultScore":0.00640081288293004,"racyScore":0.009727494791150093,"goreScore":0.0017774711595848203}},{"FrameIndex":6480,"Adult":{"isAdultContent":false,"isRacyContent":false,"isGoryContent":false,"adultScore":0.0051813009195029736,"racyScore":0.007048505824059248,"goreScore":0.0011857588542625308}},{"FrameIndex":6510,"Adult":{"isAdultContent":false,"isRacyContent":false,"isGoryContent":false,"adultScore":0.04919663071632385,"racyScore":0.06725695729255676,"goreScore":0.00859967153519392}},{"FrameIndex":6540,"Adult":{"isAdultContent":false,"isRacyContent":false,"isGoryContent":false,"adultScore":0.0016291197389364243,"racyScore":0.002547784708440304,"goreScore":0.0007841016631573439}},{"FrameIndex":6570,"Adult":{"isAdultContent":false,"isRacyContent":false,"isGoryContent":false,"adultScore":0.0020245357882231474,"racyScore":0.003031642409041524,"goreScore":0.0007889243424870074}},{"FrameIndex":6600,"Adult":{"isAdultContent":false,"isRacyContent":false,"isGoryContent":false,"adultScore":0.002005991293117404,"racyScore":0.0030019995756447315,"goreScore":0.0007473778096027672}},{"FrameIndex":6630,"Adult":{"isAdultContent":false,"isRacyContent":false,"isGoryContent":false,"adultScore":0.0019582940731197596,"racyScore":0.0029633725062012672,"goreScore":0.0007777088903822005}},{"FrameIndex":6660,"Adult":{"isAdultContent":false,"isRacyContent":false,"isGoryContent":false,"adultScore":0.0019792576786130667,"racyScore":0.002979828277602792,"goreScore":0.0007864069193601608}},{"FrameIndex":6690,"Adult":{"isAdultContent":false,"isRacyContent":false,"isGoryContent":false,"adultScore":0.0028651386965066195,"racyScore":0.004248574376106262,"goreScore":0.0010608347365632653}},{"FrameIndex":6720,"Adult":{"isAdultContent":false,"isRacyContent":false,"isGoryContent":false,"adultScore":0.0023708196822553873,"racyScore":0.0036103669553995132,"goreScore":0.0009973101550713181}}]}