{"algoVersion": "5.2.2506011", "schemaVersion": "0.0.1", "results": [{"id": 1, "type": "Motorcycle", "wikiDataID": "Q34493", "instances": [{"x": 0.00547, "y": 0.66528, "width": 0.22578, "height": 0.32639, "frame": 520, "start": "0:00:17.333333", "end": "0:00:17.366667", "confidence": 0.396, "detection_class": "motorcycle", "isBest": true}, {"x": 0.00547, "y": 0.66528, "width": 0.225, "height": 0.325, "frame": 521, "start": "0:00:17.366667", "end": "0:00:17.4", "confidence": 0.0, "detection_class": null}, {"x": 0.00625, "y": 0.66528, "width": 0.22344, "height": 0.325, "frame": 522, "start": "0:00:17.4", "end": "0:00:17.433333", "confidence": 0.0, "detection_class": null}, {"x": 0.00625, "y": 0.66528, "width": 0.22266, "height": 0.32361, "frame": 523, "start": "0:00:17.433333", "end": "0:00:17.466667", "confidence": 0.0, "detection_class": null}, {"x": 0.00703, "y": 0.66528, "width": 0.22109, "height": 0.32361, "frame": 524, "start": "0:00:17.466667", "end": "0:00:17.5", "confidence": 0.0, "detection_class": null}, {"x": 0.00781, "y": 0.66528, "width": 0.22031, "height": 0.32361, "frame": 525, "start": "0:00:17.5", "end": "0:00:17.533333", "confidence": 0.558, "detection_class": "motorcycle"}, {"x": 0.01016, "y": 0.66389, "width": 0.21641, "height": 0.32361, "frame": 526, "start": "0:00:17.533333", "end": "0:00:17.566667", "confidence": 0.0, "detection_class": null}, {"x": 0.0125, "y": 0.66389, "width": 0.21328, "height": 0.32361, "frame": 527, "start": "0:00:17.566667", "end": "0:00:17.6", "confidence": 0.0, "detection_class": null}, {"x": 0.01562, "y": 0.66389, "width": 0.20859, "height": 0.32222, "frame": 528, "start": "0:00:17.6", "end": "0:00:17.633333", "confidence": 0.0, "detection_class": null}, {"x": 0.01797, "y": 0.66389, "width": 0.20547, "height": 0.32222, "frame": 529, "start": "0:00:17.633333", "end": "0:00:17.666667", "confidence": 0.0, "detection_class": null}, {"x": 0.02109, "y": 0.66389, "width": 0.20156, "height": 0.32222, "frame": 530, "start": "0:00:17.666667", "end": "0:00:17.7", "confidence": 0.425, "detection_class": "motorcycle"}]}, {"id": 2, "type": "Backpack", "wikiDataID": "Q5843", "instances": [{"x": 0.50938, "y": 0.34167, "width": 0.07109, "height": 0.19722, "frame": 3398, "start": "0:01:53.266667", "end": "0:01:53.3", "confidence": 0.55, "detection_class": "backpack", "isBest": true}, {"x": 0.50938, "y": 0.34028, "width": 0.07266, "height": 0.2, "frame": 3399, "start": "0:01:53.3", "end": "0:01:53.333333", "confidence": 0.0, "detection_class": null}, {"x": 0.50938, "y": 0.34028, "width": 0.07422, "height": 0.20139, "frame": 3400, "start": "0:01:53.333333", "end": "0:01:53.366667", "confidence": 0.0, "detection_class": null}, {"x": 0.50938, "y": 0.34028, "width": 0.07578, "height": 0.20278, "frame": 3401, "start": "0:01:53.366667", "end": "0:01:53.4", "confidence": 0.0, "detection_class": null}, {"x": 0.50938, "y": 0.34028, "width": 0.07734, "height": 0.20417, "frame": 3402, "start": "0:01:53.4", "end": "0:01:53.433333", "confidence": 0.0, "detection_class": null}, {"x": 0.51016, "y": 0.34028, "width": 0.07891, "height": 0.20556, "frame": 3403, "start": "0:01:53.433333", "end": "0:01:53.466667", "confidence": 0.515, "detection_class": "backpack"}, {"x": 0.50938, "y": 0.34028, "width": 0.07891, "height": 0.20556, "frame": 3404, "start": "0:01:53.466667", "end": "0:01:53.5", "confidence": 0.0, "detection_class": null}, {"x": 0.50938, "y": 0.34167, "width": 0.07812, "height": 0.20556, "frame": 3405, "start": "0:01:53.5", "end": "0:01:53.533333", "confidence": 0.0, "detection_class": null}, {"x": 0.50938, "y": 0.34167, "width": 0.07734, "height": 0.20694, "frame": 3406, "start": "0:01:53.533333", "end": "0:01:53.566667", "confidence": 0.0, "detection_class": null}, {"x": 0.50938, "y": 0.34306, "width": 0.07656, "height": 0.20694, "frame": 3407, "start": "0:01:53.566667", "end": "0:01:53.6", "confidence": 0.0, "detection_class": null}, {"x": 0.50938, "y": 0.34444, "width": 0.07578, "height": 0.20694, "frame": 3408, "start": "0:01:53.6", "end": "0:01:53.633333", "confidence": 0.414, "detection_class": "backpack"}, {"x": 0.50781, "y": 0.34444, "width": 0.07578, "height": 0.20556, "frame": 3409, "start": "0:01:53.633333", "end": "0:01:53.666667", "confidence": 0.0, "detection_class": null}, {"x": 0.50703, "y": 0.34444, "width": 0.07578, "height": 0.20417, "frame": 3410, "start": "0:01:53.666667", "end": "0:01:53.7", "confidence": 0.0, "detection_class": null}, {"x": 0.50625, "y": 0.34444, "width": 0.07578, "height": 0.20417, "frame": 3411, "start": "0:01:53.7", "end": "0:01:53.733333", "confidence": 0.0, "detection_class": null}, {"x": 0.50547, "y": 0.34444, "width": 0.07578, "height": 0.20278, "frame": 3412, "start": "0:01:53.733333", "end": "0:01:53.766667", "confidence": 0.0, "detection_class": null}, {"x": 0.50469, "y": 0.34583, "width": 0.07578, "height": 0.20139, "frame": 3413, "start": "0:01:53.766667", "end": "0:01:53.8", "confidence": 0.501, "detection_class": "backpack"}, {"x": 0.49453, "y": 0.34583, "width": 0.08594, "height": 0.20833, "frame": 3428, "start": "0:01:54.266667", "end": "0:01:54.3", "confidence": 0.335, "detection_class": "backpack"}]}], "low_confidence_results": []}