[{"DominantEmotion": {"Probability": 70.36266326904297, "Type": "Sad"}, "FusedResults": [{"Probability": 13.153137266635895, "Type": "Neutral"}, {"Probability": 1.3941687531769276, "Type": "Joy"}, {"Probability": 12.795685231685638, "Type": "Anger"}, {"Probability": 70.36266326904297, "Type": "Sad"}, {"Probability": 1.4878771267831326, "Type": "Fear"}], "LengthInSeconds": 2, "Text": "Too afraid to fight back.", "TextualResults": [{"Probability": 0.13153137266635895, "Type": "Neutral"}, {"Probability": 0.013941687531769276, "Type": "Joy"}, {"Probability": 0.12795685231685638, "Type": "Anger"}, {"Probability": 0.7036266326904297, "Type": "Sad"}, {"Probability": 0.014878771267831326, "Type": "Fear"}], "TimeRange": {"End": "00:00:38.9200000", "Start": "00:00:37.7200000"}, "VocalResults": [{"Probability": 0.13153137266635895, "Type": "Neutral"}, {"Probability": 0.013941687531769276, "Type": "Joy"}, {"Probability": 0.12795685231685638, "Type": "Anger"}, {"Probability": 0.7036266326904297, "Type": "Sad"}, {"Probability": 0.014878771267831326, "Type": "Fear"}]}, {"DominantEmotion": {"Probability": 77.40072607994078, "Type": "Joy"}, "FusedResults": [{"Probability": 20.004184544086456, "Type": "Neutral"}, {"Probability": 77.40072607994078, "Type": "Joy"}, {"Probability": 1.3603082858026028, "Type": "Anger"}, {"Probability": 0.46593700535595417, "Type": "Sad"}, {"Probability": 0.2250618301331997, "Type": "Fear"}], "LengthInSeconds": 12, "Text": "You fight like a muggle little natsayoni in it and they're excruciatingly loyal companion.", "TextualResults": [{"Probability": 0.20004184544086456, "Type": "Neutral"}, {"Probability": 0.774007260799408, "Type": "Joy"}, {"Probability": 0.013603082858026028, "Type": "Anger"}, {"Probability": 0.004659370053559542, "Type": "Sad"}, {"Probability": 0.002250618301331997, "Type": "Fear"}], "TimeRange": {"End": "00:01:48.2000000", "Start": "00:01:36.2000000"}, "VocalResults": [{"Probability": 0.20004184544086456, "Type": "Neutral"}, {"Probability": 0.774007260799408, "Type": "Joy"}, {"Probability": 0.013603082858026028, "Type": "Anger"}, {"Probability": 0.004659370053559542, "Type": "Sad"}, {"Probability": 0.002250618301331997, "Type": "Fear"}]}]